"DESCRIPTION","DURATION IN MS","NAME","PARENT SUITE","START TIME","STATUS","STOP TIME","SUB SUITE","SUITE","TEST CLASS","TEST METHOD"
"
Automated Test Case: Verify that login fails for invalid user credentials.
","1888","test_invalid_user_login","tests","2026-07-12","passed","2026-07-12","","test_login","",""
"
Automated Test Case: Verify that login succeeds for valid user credentials.
","5152","test_valid_user_login","tests","2026-07-12","passed","2026-07-12","","test_login","",""
"
Automated Test Case: Verify that a logged-in user can successfully log out of the application.
","2287","test_user_logout","tests","2026-07-10","passed","2026-07-10","","test_user_logout","",""
"
Automated Test Case: Verify user can search and add a product to the cart.
","1898","test_add_product_to_cart","tests","2026-07-10","passed","2026-07-10","","test_add_product_to_cart","",""
"","5371","test_login_data_driven[Invalid login-abcxyz@xyz.com-abcxyx-failure]","tests","2026-07-10","passed","2026-07-10","","test_login_data_driven","",""
"
End-to-End Test Flow:
1. Register a new user.
2. Logout.
3. Login with the registered credentials.
4. Search and add a product to cart.
5. Verify cart contents.
","7390","test_end_to_end_flow","tests","2026-07-10","passed","2026-07-10","","test_end_to_end","",""
"","823","test_product_search","tests","2026-07-12","passed","2026-07-12","","test_product_search","",""
"","4604","test_login_data_driven[Valid login-testpayment@shm.com-Password@123-success]","tests","2026-07-10","passed","2026-07-10","","test_login_data_driven","",""
"
Automated Test Case: Verify that a new user can successfully register an account.
","2511","test_user_registration","tests","2026-07-12","passed","2026-07-12","","test_user_registration","",""
